{
  "minecraft:entity": {
    "format_version": 0.1,

    "components": {
      "minecraft:identifier": {
        "id": "minecraft:thrownegg"
      },
      "minecraft:collision_box": {
        "width": 0.25,
        "height": 0.25
      },
      "minecraft:projectile": {
        
       "onHit": {
        "spawn_chance": {
          "firstSpawnChance": 8,
          "secondSpawnChance": 32,
          "firstSpawnCount": 1,
          "secondSpawnCount": 4,
          "spawnMob": "chicken",
          "spawnDefinition": "minecraft:chicken",
          "spawnBaby": true
        },
        "remove_on_hit": { }
       },
        "power": 1.5,
        "gravity": 0.03,
        "angleoffset": 0.0
      }
    }
  }
}
